W1,F
congress,864
seats,196
party,156
modi,119
elections,113
win,113
vote,111
india,108
people,100
pm,95
alliance,94
lok,89
election,88
should,77
please,77
polls,75
parties,74
time,73
govt,70
pradesh,65
years,64
states,63
minister,59
power,58
rahul,57
political,57
detailed,56
ahead,53
gandhi,53
mp,53
leader,53
votes,53
think,51
government,50
opposition,50
madhya,49
fight,48
version,47
log,47
our,47
epaper,46
contest,46
country,46
dont,46
state,46
voters,44
defeat,42
ji,42
live,41
chief,41
want,40
candidate,40
may,40
would,40
politics,39
going,37
support,37
indian,37
today,36
majority,36
good,36
next,35
wins,35
seat,34
cm,34
give,34
vs,33
delhi,32
updates,32
great,32
need,31
results,31
national,31
last,30
president,30
come,29
media,29
rajasthan,29
join,29
hai,28
done,28
work,28
know,28
right,28
much,27
leaders,27
must,27
poll,26
day,26
lost,26
read,26
clear,25
follow,24
anti,24
family,24
loss,24
money,24
track,23
prime,23
watch,23
ndtv,23
politicians,23
nation,23
us,22
coming,22
post,22
share,22
shows,22
upcoming,22
singh,21
leads,21
form,21
keep,21
sure,21
lose,20
via,20
hindus,20
rafale,20
got,20
taken,20
parliament,20
corrupt,20
deal,20
regional,20
general,20
nota,19
part,19
campaign,19
reason,19
allies,19
voted,19
former,19
could,19
led,19
set,18
let,18
hands,18
use,18
help,18
game,18
front,17
end,17
news,17
comes,17
strong,17
towards,17
narendra,17
understand,17
lead,17
simple,17
choice,16
days,16
makes,16
passed,16
hindu,16
gets,16
year,16
ruling,16
analysis,16
joined,16
ki,16
mighty,16
committed,16
uttar,16
times,16
corruption,16
gali,16
leading,15
wants,15
remain,15
instead,15
ls,15
needs,15
likely,15
face,15
pappu,15
huge,15
dmk,15
thanks,15
review,15
takes,15
development,15
given,15
voting,15
others,14
polity,14
expected,14
term,14
touched,14
evm,14
mps,14
making,14
muslim,14
loan,14
crimes,14
rs,14
left,14
anything,14
move,14
sp,14
joining,14
show,14
winning,14
close,14
stop,14
predicted,14
controlled,14
aap,13
along,13
priyanka,13
shame,13
fighting,13
lets,13
difference,13
called,13
congress‚Äô,13
choose,13
getting,13
ensure,13
aiadmk,13
victory,13
centre,13
mlas,12
mayawati,12
looks,12
joins,12
knows,12
doesnt,12
change,12
report,12
side,12
really,12
losing,12
rule,12
mla,12
democracy,12
opinion,12
impact,12
economy,12
claims,12
yrs,12
always,12
ka,12
security,12
short,12
trying,12
result,12
used,12
together,12
months,11
hard,11
accidental,11
look,11
trs,11
focus,11
karnataka,11
farm,11
entry,11
ticket,11
action,11
supporters,11
dear,11
telangana,11
thing,11
future,11
tax,11
happening,11
hope,11
upa,11
ppl,11
stand,11
nda,11
case,11
away,11
office,11
chhattisgarh,11
cant,11
find,11
challenge,11
fake,11
triple,11
tough,11
antinational,11
talaq,11
soon,10
earlier,10
seems,10
agree,10
call,10
mukt,10
sir,10
claim,10
ready,10
loose,10
wonder,10
nothing,10
mandate,10
giving,10
it‚Äôs,10
sena,10
already,10
se,10
calls,10
current,10
advantage,10
gain,10
issue,10
wave,10
true,10
didnt,10
without,10
twitter,10
heartland,10
feel,10
survey,10
present,9
indias,9
uri,9
means,9
forces,9
communal,9
votesüëç,9
write,9
option,9
promises,9
happen,9
total,9
reports,9
recent,9
lot,9
alone,9
matter,9
single,9
full,9
wait,9
politically,9
important,9
namo,9
things,9
among,9
major,9
solve,9
figure,9
due,9
dynasty,9
govt(now,9
real,9
else,9
fact,9
law,9
learn,9
agenda,9
unite,9
common,9
tamil,9
strategy,9
reject,9
coverage,9
lies,9
playing,9
check,9
name,9
play,9
farmers,9
truth,8
wont,8
heres,8
drama,8
except,8
worry,8
leaves,8
point,8
raga,8
early,8
meet,8
fall,8
noncongress,8
prove,8
shor,8
jd(s,8
poor,8
ke,8
formed,8
economic,8
violence,8
reservation,8
care,8
chance,8
upper,8
hate,8
sources,8
ahind,8
turn,8
nadu,8
senior,8
discuss,8
position,8
raj,8
south,8
mr,8
planning,8
leave,8
failed,8
around,8
unity,8
paper,8
house,8
manifesto,8
till,8
talk,8
saying,8
ur,8
spokesperson,8
forget,8
eastern,8
tell,8
constituency,8
candidates,8
nearly,8
cold,8
across,8
class,8
fought,8
actually,8
caste,8
yet,8
era,8
low,8
tn,8
neck,8
shud,8
declared,8
main,8
continue,8
easy,7
rest,7
rss,7
gains,7
alliances,7
start,7
correct,7
history,7
third,7
edge,7
including,7
whats,7
dream,7
gives,7
quota,7
speech,7
sides,7
closer,7
though,7
aur,7
man,7
mood,7
women,7
data,7
inc,7
video,7
middle,7
thinking,7
dirty,7
hi,7
lie,7
fool,7
muslims,7
process,7
difficult,7
ho,7
propaganda,7
special,7
crore,7
within,7
sonia,7
sharing,7
far,7
pakistan,7
seatsharing,7
tmc,7
anyone,7
im,7
cong,7
considered,7
interesting,7
kashmir,7
odisha,7
crucial,7
hindi,7
open,7
vadra,7
don‚Äôt,7
hurt,7
shiv,7
photo,7
war,7
respect,7
sinking,7
asked,7
catch,7
interest,7
kejriwal,7
indians,7
federal,7
sorry,7
islamic,7
team,7
happens,7
chor,7
counting,7
per,7
non,7
offer,7
free,7
looking,6
na,6
attack,6
congressi,6
order,6
voter,6
feels,6
ko,6
inside,6
lessons,6
learning,6
wish,6
either,6
faceoff,6
almost,6
counter,6
waste,6
yes,6
confirmed,6
waiting,6
gone,6
grand,6
progress,6
role,6
surely,6
expect,6
cost,6
trinamool,6
announced,6
regime,6
quit,6
partys,6
defeats,6
sweep,6
worse,6
evms,6
seesaw,6
everything,6
amethi,6
jittery,6
throw,6
central,6
sister,6
top,6
prevent,6
tally,6
everyone,6
happy,6
pdp,6
yesterday,6
life,6
wednesday,6
theyre,6
style,6
mistake,6
alleges,6
gained,6
veteran,6
movie,6
guess,6
larger,6
row,6
nirmala,6
surveys,6
region,6
tdp,6
pledge,6
performance,6
discussion,6
wanted,6
offering,6
situation,6
heat,6
fourth,6
hand,6
loses,6
coin,6
anger,6
love,6
janata,6
rally,6
mean,6
price,6
using,6
union,6
reasons,6
workers,6
comment,6
wrong,6
modis,6
terms,6
shah,6
sachin,6
khan,6
thats,6
governance,6
constitution,6
mind,6
coalition,6
cg,6
ago,6
session,6
favour,6
sitharaman,6
count,6
maharashtra,6
supporter,6
govts,5
known,5
took,5
questions,5
category,5
addresses,5
decided,5
murders,5
pls,5
commission,5
arvind,5
congress‚Ä¶,5
army,5
allow,5
missing,5
exit,5
parivar‚Äôs,5
cr,5
act,5
surging,5
countries,5
aware,5
christo,5
citizens,5
night,5
surprise,5
promoting,5
starts,5
community,5
forming,5
ani,5
modiji,5
mamata,5
late,5
united,5
split,5
field,5
trend,5
ministers,5
hq,5
space,5
confused,5
powerful,5
naveen,5
past,5
contesting,5
ram,5
loosing,5
continued,5
guys,5
finally,5
worries,5
equidistant,5
plans,5
slogan,5
might,5
speaker,5
tweet,5
race,5
foreign,5
facts,5
suffer,5
thumping,5
admk,5
latest,5
tired,5
picture,5
hung,5
locked,5
calling,5
arrogance,5
came,5
hear,5
fount,5
paid,5
poaching,5
movies,5
narayan,5
enough,5
peoples,5
later,5
working,5
land,5
perilous,5
sc,5
pass,5
announcing,5
ground,5
message,5
cause,5
planes,5
atleast,5
rise,5
thief,5
sector,5
school,5
jpc,5
dumped,5
god,5
stupid,5
answer,5
path,5
selling,5
leadership,5
manvendra,5
sheila,5
trails,5
idea,5
prediction,5
verdict,5
vasundhara,5
thought,5
youth,5
couldnt,5
reality,5
directly,5
narrative,5
emperor,5
rjd,5
cheap,5
taking,5
reach,5
different,5
page,5
final,5
empowerment‚Äù,5
developed,5
wise,5
clean,5
challenges,5
played,5
question,5
spread,5
mizoram,5
complete,5
achieve,5
margin,5
plan,5
dikshit,5
resign,5
misses,5
votesüëé,5
hold,5
whole,5
world,5
hacked,5
hit,5
morning,5
confident,5
attacks,5
andhra,5
patnaik,5
nc,5
amit,5
tomorrow,5
supporting,5
rules,5
yadav,4
warns,4
gandhis,4
independence,4
whereas,4
handle,4
tickets,4
denied,4
posts,4
rafael,4
ministerial,4
required,4
nail,4
gehlot,4
eyeing,4
jail,4
stage,4
policies,4
north,4
reply,4
match,4
scam,4
mother,4
tears,4
increase,4
targets,4
promise,4
secular,4
tieup,4
wud,4
plz,4
super,4
saw,4
exactly,4
fate,4
cell,4
fail,4
running,4
disgusting,4
highest,4
pundits,4
views,4
whos,4
governments,4
seven,4
loot,4
ians,4
decide,4
plane,4
resigns,4
trust,4
kamal,4
scams,4
cool,4
woo,4
shameful,4
allegations,4
whatever,4
incharge,4
key,4
prasad,4
who‚Ä¶,4
independents,4
income,4
line,4
thank,4
m.p,4
decision,4
re‚Ä¶,4
competition,4
try,4
self,4
rival,4
resort,4
hal,4
increasing,4
haven‚Äôt,4
ignoring,4
electoral,4
azad,4
contests,4
inefficient,4
unemployment,4
info,4
plus,4
often,4
totally,4
everywhere,4
series,4
neither,4
sponsored,4
indication,4
london,4
oppose,4
health,4
persons,4
east,4
meets,4
won‚Äôt,4
heard,4
walk,4
polls‚Äô,4
deposits,4
largest,4
meeting,4
payers,4
italian,4
lakh,4
friends,4
alternative,4
factor,4
court,4
provide,4
cast,4
shukla,4
cut,4
whip,4
sitting,4
points,4
watching,4
shares,4
waiver,4
coz,4
passes,4
presence,4
fell,4
diya,4
mishra,4
journalism,4
defeated,4
politician,4
ally,4
popularity,4
level,4
marketing,4
tweets,4
kiya,4
pounces,4
gujarat,4
easily,4
people‚Äôs,4
equal,4
weak,4
chattisgarh,4
temple,4
age,4
social,4
versus,4
following,4
opportunity,4
ap,4
threetime,4
son,4
motion,4
supremo,4
west,4
privilege,4
tried,4
agp,4
march,4
ajay,4
whoever,4
retains,4
anurag,4
story,4
loans,4
hack,4
gonna,4
included,4
congress+,4
strike,4
shall,4
created,4
samajwadi,4
defense,4
fear,4
consider,4
especially,4
waive,4
experts,4
resurrected,4
predicting,4
adarsh,4
straight,4
ye,4
cases,4
cover,4
can‚Äôt,4
pmk,4
trailer,4
predicts,4
faces,4
target,4
credits,4
theyll,4
yuva,4
mandir,4
aggressive,4
charge,4
misleading,4
demand,4
save,4
destroy,4
remained,4
reduce,3
jan,3
amid,3
daily,3
today‚Äôs,3
anticongress,3
nishikant,3
attitude,3
create,3
failure,3
facing,3
ashamed,3
six,3
smelling,3
person,3
maintain,3
gaps,3
tweeted,3
jhunjhunwala,3
etc,3
ask,3
intelligence,3
town,3
head,3
deals,3
scenario,3
showdown,3
sarkaar,3
lighter,3
argument,3
expert,3
effects,3
speak,3
uses,3
scared,3
min,3
listen,3
clearly,3
ltd,3
announce,3
hello,3
independent,3
discourse,3
stroke,3
respond,3
taunts,3
hindustan,3
occasion,3
tall,3
raised,3
onetime,3
analysts,3
weaker,3
mere,3
irrelevant,3
admitting,3
umesh,3
pattern,3
youths,3
held,3
gst,3
fifteen,3
speed,3
disappointed,3
young,3
formula,3
mentality,3
wisely,3
request,3
model,3
witness,3
realise,3
slap,3
spend,3
minority,3
congratulations,3
confuse,3
jeet,3
media/fake,3
hon,3
heading,3
solved,3
thursday,3
congressled,3
evident,3
walkout,3
own.if,3
demanding,3
kya,3
remove,3
topple,3
thakur,3
division,3
pull,3
reflects,3
chose,3
elect,3
wow,3
massive,3
avoid,3
controversy,3
seal,3
nominate,3
effort,3
consensus,3
thirunavukkarasar,3
partymen,3
jaypee,3
journalist,3
jd,3
preparing,3
shameless,3
nr,3
sense,3
demands,3
corner,3
offered,3
akhilesh,3
happened,3
map,3
institutions,3
delay,3
marriage,3
told,3
desperate,3
rejected,3
threw,3
opened,3
assam,3
studio,3
forced,3
slave,3
timesmega,3
priyanka‚Äôs,3
jumlas,3
kudos,3
shape,3
system,3
greater,3
kick,3
tho,3
worked,3
effect,3
desh,3
pr,3
su,3
managed,3
resignation,3
deeper,3
eed,3
inform,3
arun,3
longer,3
wali,3
raje,3
maker,3
necessary,3
hospital,3
issues,3
haryana,3
custom,3
positive,3
dhar,3
legislators,3
guts,3
sri,3
run,3
channel,3
shankar,3
shd,3
leverage,3
yeh,3
campaigning,3
sensing,3
image,3
appointed,3
electionrelated,3
walked,3
certain,3
mark,3
phir,3
pic,3
modi/shah/,3
accepted,3
issued,3
congressis,3
started,3
mk,3
killed,3
counted,3
et,3
chamchas,3
anna,3
distress,3
achievement,3
hell,3
weird,3
food,3
western,3
link,3
film,3
impunity,3
project,3
developments,3
theres,3
sops,3
ravi,3
secretary,3
gang,3
accused,3
task,3
stronger,3
lol,3
equipped,3
gaur,3
rakesh,3
potential,3
disaster,3
trap,3
rate,3
saffron,3
draw,3
raipur,3
market,3
fastest,3
soul,3
challenging,3
water,3
ghulam,3
policy,3
list,3
speaks,3
pitch,3
hits,3
schemes,3
jds,3
trends,3
telling,3
raise,3
stands,3
mallya,3
strongly,3
words,3
mostly,3
polluted,3
understanding,3
promised,3
laws,3
educate,3
scoot,3
wind,3
wear,3
resolution,3
center,3
span,3
industry,3
helping,3
compare,3
fools,3
opposed,3
varanasi,3
talking,3
liye,3
clarify,3
simply,3
men,3
monday,3
writes,3
allegation,3
forthcoming,3
worried,3
quite,3
talks,3
seeing,3
adopting,3
despite,3
landslide,3
respects,3
road,3
pvt,3
gave,3
haar,3
active,3
statement,3
lesson,3
stay,3
someone,3
interview,3
unlike,3
employment,3
thn,3
nonsense,3
clarifies,3
opportunistic,3
congresss,3
air,3
pack,3
manage,3
near,3
pilot,3
lawyers,3
forward,3
spent,3
decades,3
followed,3
meanwhile,3
vajpayee,3
mode,3
kill,3
definitely,3
varun,3
shot,3
ne,3
dp,3
dig,3
improve,3
immediately,3
direct,3
honored,3
fast,3
housing,3
helps,3
card,3
assault,3
masses,3
worst,3
mega,3
jdu,3
stake,3
currently,3
secure,3
nots‚Äù,3
million,3
providing,3
neutral,3
smart,3
wil,3
core,3
lightly,3
cornered,3
moment,3
stinking,3
tactic,3
twist,3
deposit,3
puducherry,3
moved,3
dignity,3
moves,3
rallies,3
stars,3
denies,3
tells,3
touch,3
deliver,3
URL,3
ii,3
needed,3
rae,3
ss,3
population,3
friday,3
retweet,3
congressism,3
train,3
agreed,2
admit,2
stations,2
kind,2
ad,2
praises,2
hackathon,2
hangover,2
notso,2
wishes,2
outscores,2
losted,2
enemies,2
countering,2
jammu,2
economically,2
mahajan,2
siddhu,2
involved,2
send,2
relationship,2
wake,2
suggestions,2
saudi,2
down‚Äù,2
manners,2
harish,2
value,2
spring,2
aiyar,2
sakranti,2
questioning,2
utilize,2
press,2
false,2
jaiswal,2
intellectuals,2
rigged,2
implement,2
interested,2
prices,2
accept,2
disillusionment,2
dramatic,2
passing,2
crossed,2
dispensation,2
exist,2
usual,2
launch,2
year‚Ä¶,2
inld,2
completely,2
frm,2
chennai,2
priority,2
tradition,2
exchequer,2
railway,2
st,2
father,2
punishment,2
cutting,2
elected,2
gun,2
modijis,2
charged,2
ans,2
india‚Äôs,2
darkness,2
keeps,2
congresssp,2
consumer,2
approach,2
participate,2
include,2
half,2
strains,2
factual,2
choices,2
digest,2
threatening,2
commitment,2
fault,2
cpi(m,2
course,2
screens,2
hollow,2
physical,2
evident‚Äù,2
doesn‚Äôt,2
slog,2
haste,2
crocodile,2
capitalise,2
handwriting,2
carry,2
thugs,2
stalin,2
emerge,2
hs,2
gau,2
kisan‚Äù,2
pave,2
ive,2
hemant,2
tv,2
kapil,2
sartaj,2
completed,2
release,2
wld,2
comments,2
pose,2
wing,2
source,2
changer,2
citizen,2
eyes,2
whips,2
narratives,2
awaited,2
dis,2
partners,2
pataudi,2
posters,2
force,2
trolling,2
amount,2
dog,2
toh,2
jour‚Ä¶,2
grow,2
fun,2
works,2
kids,2
master,2
patel,2
previously,2
shri,2
helped,2
promote,2
ac‚Ä¶,2
mafi,2
zero,2
curse,2
that‚Äôs,2
fans,2
stopped,2
channels,2
iquote,2
sorts,2
minds,2
nd,2
khane,2
hashtags,2
ajmer,2
chiefs,2
gwalior,2
fm,2
announces,2
effective,2
sign,2
spoil,2
recall,2
okay,2
committing,2
screaming,2
citizenship,2
vindictive,2
safe,2
paying,2
rituals,2
siddaramaiah,2
arch,2
unfazed,2
sona,2
increased,2
unchanged,2
welcomes,2
rekhchand,2
education,2
accounts,2
growing,2
electing,2
yehi,2
flying,2
dedicated,2
opposite,2
deputy,2
contracts,2
according,2
asks,2
wrests,2
appeasement,2
reportedly,2
worth,2
reading,2
upto,2
plotted,2
santosh,2
survival,2
godse,2
spoken,2
dec,2
prepping,2
routine,2
struggling,2
pandey,2
visited,2
sunday,2
stalin‚Äôs,2
suggest,2
routed,2
stone,2
atal,2
corruption‚Äô,2
potentially,2
opponent,2
useless,2
rejects,2
teach,2
weeks,2
thus,2
joint,2
invited,2
fix,2
loyal,2
affect,2
response,2
fuel,2
sarkar,2
aiudf,2
cow,2
merge,2
date,2
ensuring,2
commentator,2
whose,2
rahi,2
woke,2
emergency,2
lal,2
images,2
enjoying,2
imagine,2
anita,2
karyakartas,2
dogfight,2
writer,2
amendment,2
kar,2
ecosystem,2
aana,2
conversation,2
kcr,2
sticking,2
congressncp,2
options,2
awesome,2
dogs,2
confidence,2
rout,2
fooled,2
emergence,2
polarising,2
recently,2
dearly,2
sisodiya,2
respectively,2
losses,2
enquiry,2
heart,2
educated,2
truthful,2
dollars,2
predict,2
status,2
chair,2
noticed,2
shirt,2
overs,2
fir,2
slapped,2
honest,2
appreciate,2
damad,2
emotional,2
murdered,2
shock,2
crying,2
mahachor,2
dangal,2
apologises,2
wasting,2
weapon,2
events,2
rightly,2
keeping,2
tug,2
presented,2
ruler,2
kareena,2
uphill,2
condition,2
rights,2
hmm,2
ysrcp,2
desperately,2
janta,2
deadly,2
surjewala,2
slammed,2
dunga,2
cop,2
opprtnty,2
jjp,2
indulged,2
infront,2
disappoint,2
negative,2
journos,2
continues,2
parliamentary,2
slashed,2
joke,2
allinace,2
wanna,2
pardon,2
shattered,2
urgent,2
chari,2
yatra,2
puts,2
intvw,2
referendum,2
sirf,2
proof,2
willing,2
grievance,2
challenged,2
certainly,2
jain,2
successful,2
rooting,2
looters,2
maha,2
reddy,2
ire,2
nayi,2
oh,2
phase,2
applous,2
fancy,2
large,2
entering,2
piece,2
friendship,2
deshdrohi,2
dmdk,2
hacker,2
mistakes,2
home,2
falsehood,2
vein,2
indira,2
stages,2
fade,2
rao,2
dailyo_,2
cp,2
deserve,2
actions,2
com‚Ä¶,2
perhaps,2
saved,2
feminist,2
city,2
ass,2
marks,2
copies,2
import,2
answers,2
wouldnt,2
malicious,2
lesser,2
mission,2
leap,2
consideration,2
expects,2
lo,2
trumps,2
ideology,2
rid,2
financial,2
critical,2
aaj,2
grade,2
kumar,2
turf,2
din,2
slowed,2
parasites,2
gentlemen,2
fully,2
northeastern,2
sinha,2
captures,2
practice,2
tries,2
looter,2
changes,2
ruled,2
reducing,2
repenting,2
mana,2
treat,2
expose,2
feeling,2
ladies,2
launched,2
witnessed,2
strikes,2
highlights,2
efforts,2
rafel,2
announcement,2
interim,2
perfectly,2
judiciary,2
nowvmr,2
camped,2
sitching,2
reaction,2
realty,2
fulfill,2
spectrum,2
exmla,2
script,2
ncp,2
hum,2
tenure,2
josh,2
nsso,2
seem,2
suicide,2
phone,2
explanatory,2
prefer,2
offensive,2
spaniking,2
waivers,2
punished,2
spine,2
solution,2
threeline,2
shivsena,2
funny,2
comission,2
faith,2
shoot,2
lotus,2
raped,2
appear,2
excluding,2
missed,2
prospects,2
maketh,2
links,2
technical,2
nightmare,2
visit,2
entire,2
markets,2
ones,2
chaos,2
amazing,2
insights,2
article,2
hunt,2
mandsaur,2
overview,2
official,2
laid,2
council,2
randeep,2
cleaned,2
foolish,2
cares,2
nahi,2
liars,2
shuja,2
slams,2
defence,2
maango,2
residence,2
pradhan,2
construction,2
yashpal,2
urs,2
chaukidar,2
threat,2
reached,2
lure,2
living,2
decisions,2
portray,2
acc‚Ä¶,2
standard,2
thinks,2
detail,2
risk,2
effectively,2
vehement,2
mukth,2
milawaat,2
concentrate,2
add,2
vicious,2
killer,2
allowing,2
newspaper,2
stuck,2
de‚Ä¶,2
spreading,2
hike,2
record,2
kamalnath,2
kapoor,2
aim,2
queen,2
nov,2
rishi,2
application,2
hoga,2
respective,2
modi‚Äôs,2
mms,2
assessment,2
contract,2
rather,2
doom,2
tiwari,2
ignore,2
parliamentarians,2
hopes,2
something,2
mein,2
silent,2
madhyapradesh,2
sake,2
captain,2
versa,2
exciting,2
mojo,2
army=nasty,2
coffin,2
express,2
tf,2
revive,2
syed,2
todays,2
step,2
quiet,2
stalled,2
adding,2
pudhucherry,2
sumitra,2
showing,2
reserved,2
looted,2
victorious,2
aye,2
winter,2
gupta,2
stats,2
improvement,2
hazare,2
achieved,2
kg,2
termed,2
presently,2
chowkidar,2
fights,2
dat,2
cute,2
genuine,2
victories,2
alert,2
reputation,2
otherwise,2
jadhav,2
perception,2
achievements,2
tag,2
gov.t,2
desperation,2
assure,2
coined,2
excited,2
divisive,2
january,2
tricks,2
jolt,2
kerala,2
surrogacy,2
daal,2
select,2
triangle,2
grounds,2
signals,2
renewing,2
parts,2
kickstarted,2
file,2
panchayat,2
exposing,2
formalise,2
prade‚Ä¶,2
account,2
selective,2
gaurd,2
praised,2
training,2
sudheendra,2
enjoy,2
unseat,2
rajasthan&amp;chattisgarh,2
passage,2
suppression,2
endorses,2
resurgent,2
ship,2
supports,2
exchange,2
mashup,2
reliant,2
test,2
agarwal,2
shedding,2
allows,2
semifinal,2
evn,2
winking,2
marker,2
predictions,2
various,2
swanky,2
react,2
jeeti,2
focusing,2
contenders,2
ethics,2
joker,2
kitna,2
threatens,2
ashok,2
guy,2
refuses,2
smaller,2
finished,2
includes,2
addressed,2
kisan,2
finalizing,2
champions,2
topic,2
pradeep,2
outgoing,2
hates,2
view,2
prepared,2
authenticate,2
khaunga,2
importance,2
seeking,2
unfortunately,2
wahh,2
sing,2
sangh,2
aiming,2
thrives,2
pune,2
opposes,2
hence,2
significantly,2
conceded,2
deserted,2
eventually,2
unholy,2
pvnr,2
dal,2
crisis,2
hey,2
delivered,2
suspension,2
legal,2
fearing,2
platforms,2
gm,2
tonights,2
raje‚Äôs,2
shocker,2
dump,2
standing,2
director,2
death,2
vision,2
magician,2
sink,2
delivery,2
statistics,2
einstein,2
posing,2
rupee,2
event,2
mileage,2
divided,2
fronts,2
elections‚Äù,2
empty,2
vl,2
minimum,2
trailing,2
coverup,2
complaint,2
experience,2
convincing,2
scream,2
protect,2
popular,2
outlay,2
moving,2
seek,2
ramalingareddy,2
centrestage,2
declares,2
proposed,2
deep,2
unhappy,2
judgement,2
committee,2
sell,2
provided,2
gathers,2
answering,2
serving,2
vacancies,2
hc,2
twotime,2
staying,2
reduces,2
overtaken,2
socks,2
criticising,2
sanjay,2
dividing,2
pandits,2
underway,2
shouting,2
partnership,2
northeast,2
jyotiraditya,2
sleeps,2
journey,2
ruined,2
fails,2
narayansamy,2
revival,2
anil,2
assume,2
twice,2
differences,2
vikas,2
virtually,2
written,2
serious,2
pulses,2
mam,2
kirti,2
qualified,2
liar,2
cheated,2
dare,2
conquer,2
pathetic,2
density,2
saath,2
mahatma,2
reported,2
rain,2
range,2
vindhyanchal,2
loving,2
doors,2
culture,2
stormy,2
sound,2
manufacturing,2
tasks,2
emerged,2
command,2
attractive,2
antinationals,2
initiative,2
momentum,2
ignored,2
factors,2
pens,1
weekend,1
smt,1
staged,1
stock,1
aligning,1
deserting,1
ex,1
complainant,1
modi‚Äù,1
woken,1
captions,1
invoking,1
enraptured,1
tour,1
dole+,1
june,1
frequency,1
democratic,1
amazon,1
expectations,1
modernisation,1
upset,1
nervous,1
sting,1
rahulpriyanka,1
lease,1
voluntary,1
superpower,1
lpg,1
expressed,1
foot,1
archna,1
tvcnx,1
posting,1
clp,1
chhattisgarhelectionresults,1
inraods,1
indiansüòâ,1
saviours,1
modikcr,1
nationalism,1
kerala‚Äôs,1
eeriment,1
roundup,1
dollar,1
solid,1
hua,1
fsk,1
stall,1
mi‚Ä¶,1
thrilling,1
retired,1
outcome,1
judge,1
napotism,1
pointless,1
activists,1
excess,1
wi‚Ä¶,1
align,1
funded,1
explain,1
jaish,1
idiot,1
nath,1
supreme,1
wall,1
crooks,1
whomever,1
orchestrated,1
statewise,1
requirement,1
caption,1
disastrous,1
gimmick,1
alive,1
progressive,1
thre,1
enter,1
chartered,1
lifeline,1
splatter,1
completes,1
personally,1
aw,1
eat,1
kite,1
ayodhya,1
hidden,1
terrace,1
terrified,1
constitution;agenda,1
innovative,1
excellent,1
patekar,1
snap,1
thisll,1
estranged,1
trick,1
frustration,1
vignatha,1
decorated,1
anymore.once,1
withering,1
con,1
proving,1
coffers,1
toilets,1
strategies,1
merged,1
mention,1
digits,1
disorder,1
wats,1
philips,1
angel,1
sham,1
convince,1
asserting,1
interconnected,1
appeal,1
eight,1
yayy,1
premalatha,1
declining,1
funds,1
dega,1
ghandy,1
registered,1
appease,1
explaining,1
aspect,1
dogalapan,1
nagar,1
lead‚Ä¶,1
fyi,1
hugged,1
aide,1
tsr,1
everüëçüèª,1
khauff,1
shockwave,1
aid,1
signs,1
adage,1
jya,1
priya,1
velly,1
clouds,1
frauds,1
gap,1
kulkarni,1
drink,1
candidiates,1
jo,1
guarantee,1
ramdev,1
taxing,1
messages,1
vijayakanth,1
puppets,1
an‚Ä¶,1
concerned,1
tool,1
patang,1
reporting,1
guna,1
supportersjis,1
decimate,1
answered,1
col,1
singhvi,1
profits,1
conduct,1
fixer,1
strings,1
spiderman,1
trounced,1
vote?.surely,1
random,1
natrajan,1
pawns,1
colored,1
locals,1
es,1
measures,1
looting,1
mettle,1
mock,1
crunch,1
maken‚Äôs,1
privacy,1
retained,1
wala,1
washed,1
uts,1
wothout,1
flag,1
impose,1
rahe,1
reacted,1
sandeep,1
writers,1
actual,1
progress‚Äù,1
notaüîîüîî,1
micro,1
stamped,1
spirited,1
deserves,1
campaigned,1
mar,1
ragas,1
preference,1
oriented,1
aapki,1
nayakula,1
supposed,1
aspirations,1
actor,1
first/congress,1
fed,1
shivling,1
lit,1
taraf,1
chutiya,1
cake,1
avvakunda,1
charm,1
dy,1
weakening,1
users,1
arm,1
tightly,1
coexist,1
succeed,1
dar,1
una,1
pandemonium,1
fraud,1
hizko,1
optics,1
communications,1
dared,1
samjho,1
scriptures,1
spare,1
edifice,1
usng,1
migrants,1
pehle,1
dust,1
stairs,1
pe,1
updates‚Ä¶,1
lowcost,1
kitchen,1
anadamüôÑ,1
investor,1
disease,1
eunuch,1
glitch,1
trs/tmc/yscrp,1
undeclared,1
controversies,1
int,1
campaigns,1
ps,1
phli,1
gaining,1
hona,1
aftr,1
extend,1
drop,1
dudi,1
removing,1
sheet,1
farmer,1
worthy,1
ride,1
dice,1
wash,1
anticipates,1
importers,1
laundering,1
akhada,1
salute,1
empower,1
tape,1
extent,1
sole,1
cow+,1
perforated,1
laugh?ü§ï,1
products,1
control,1
yh,1
sari,1
dis)grace,1
superceeded,1
negotiated,1
sare,1
isolated,1
stagnant,1
invention,1
scope,1
hardhitting,1
accumulated,1
sit,1
dm,1
kaho,1
haalat,1
threeterm,1
istan,1
jaitley,1
circle,1
hurry,1
crash,1
pay,1
splitting,1
mounts,1
american,1
language,1
found,1
countrys,1
stitch,1
statistical,1
spat,1
chidu,1
returning,1
congi,1
neckandneck,1
neerja,1
statue,1
chrislamic,1
forgot,1
month,1
aujla,1
sees,1
characteristic,1
aayega,1
path.‚Ä¶,1
wholeheartedly,1
pujara,1
has‚Ä¶,1
tight,1
insults,1
catholic,1
property,1
likeminded,1
ch,1
considering,1
pad,1
chattisgrh,1
afraid,1
child,1
innings,1
chaiye,1
tata,1
unto,1
gaye,1
interactions,1
related,1
vendetta,1
classy,1
dixit,1
shld,1
wch,1
fact‚Ä¶,1
nowadays,1
salivating,1
informed,1
animosity,1
economical,1
misgovernance,1
vot‚Ä¶,1
invoke,1
naidus,1
hurts,1
firmed‚Äù,1
rotting,1
sings,1
othr,1
nice,1
ec,1
secularism‚Äô,1
croony,1
worship,1
namaste,1
students,1
previous,1
honeymoon,1
ekkadiki,1
opener,1
img,1
resources,1
fiscal,1
sajjan,1
famously,1
mdh,1
note,1
terrorism,1
asking,1
sec,1
swearingin,1
drums,1
purpose,1
explains,1
discusses,1
kindly,1
id,1
shahs,1
alka,1
unfit,1
chhatarpur:congress,1
gorakhpur,1
rajas‚Ä¶,1
ups,1
raises,1
h2,1
hindu.üëé,1
selfclaimed,1
paralyse,1
italy‚Äô,1
perfect,1
india.üö©,1
cheyodhu,1
pc,1
serve,1
quality,1
writing,1
raghuram,1
dept,1
hiked,1
sitasharan,1
anyway,1
iske,1
srivastava,1
academia,1
rodents,1
encroachment,1
downfall,1
altering,1
commence,1
verge,1
rawat,1
jacket,1
kuch,1
audio,1
merrygoround,1
prospect,1
engulfed,1
muf,1
eagerly,1
arrogant‚Äù,1
contemporary,1
opening,1
"suicide""",1
floor,1
arrangement,1
specifically,1
sendh,1
germany,1
registration,1
hatao,1
cycle,1
fatigue,1
dedicate,1
pips,1
hatred,1
rsp,1
numerous,1
illgovernance,1
wef,1
calm,1
disrespectful,1
spending,1
sorted,1
fared,1
ties,1
thnk,1
yogiji,1
forts,1
fasttrack,1
sun,1
p.m,1
patriot,1
pushkar,1
partner,1
collecting,1
twoway,1
teams,1
hooda,1
construct,1
godsake,1
sasta,1
constitu‚Ä¶,1
pre,1
typical,1
logon,1
dala,1
intervention,1
supported,1
aji,1
chit,1
gift,1
quotes,1
phulpur,1
emerges,1
satta,1
samaj,1
jointly,1
strongholds,1
hitch,1
welcomed.this,1
specific,1
regularly,1
thieves,1
index,1
gadkari,1
gange,1
players,1
nikal,1
goal,1
hindutva,1
gangs,1
jump,1
distinction,1
raiganj,1
reflecting,1
aimed,1
sorting,1
soninlaws,1
craft,1
delhi‚Äôs,1
profession,1
ground‚Äô,1
isn‚Äôt,1
limit,1
lined,1
understands,1
copied,1
mnf+,1
ripped,1
jumlalies,1
urea,1
yscrcp,1
costed,1
is‚Ä¶,1
printing,1
morale,1
misuses,1
affidavit,1
fakeness,1
swing,1
prefers,1
kyu,1
shifting,1
attempt,1
continuing,1
doles,1
aalu,1
noise,1
nearing,1
jadh‚Ä¶,1
heartily,1
spoon,1
continuation,1
overcome,1
apang,1
picüëáüëáüòÇüòÇüòâüòâ,1
inspected,1
maintained,1
profanities,1
aunt,1
intend,1
flays,1
sidha,1
successfully,1
halts,1
topoftheworld,1
connect,1
aircraft,1
inch,1
kauravas,1
scraps,1
spokeperson,1
sychophany,1
exploitative,1
properly,1
jumping,1
consent,1
essentials,1
ghotala,1
forwarded,1
chances,1
quest,1
comic,1
delivering,1
kn,1
engaged,1
killernath,1
happe‚Ä¶,1
fascinating,1
finanace,1
vrs,1
nam,1
compromising,1
dictatorship,1
favorites,1
maoists,1
hindumuslim,1
things‚úåÔ∏è,1
olden,1
janaalu,1
goto,1
naidu‚Äôs,1
hospitalisation,1
unorganized,1
wat,1
collectors,1
adopted,1
ed,1
cricket,1
mahamilawat,1
ill,1
onion,1
handing,1
scolded,1
simpler,1
dharma,1
alternatives,1
starting,1
opinions,1
proof.while,1
familyrule,1
nonisalmic,1
coincidence,1
welcomed,1
mainly,1
word,1
compaign,1
cn,1
hills,1
strokeü§òü§ò,1
advances,1
hota,1
jk,1
transformed,1
proportion,1
anpadh,1
lgake,1
itna,1
whichever,1
corporation,1
saveguard,1
sacred,1
thappad,1
feature,1
right(interest,1
receives,1
morni‚Ä¶,1
videos,1
idiots,1
finalize,1
signal,1
stare,1
outsiders,1
congressmen,1
introduced,1
chip,1
girl,1
takeaway,1
clan,1
lea‚Ä¶,1
tel,1
chappal,1
underestimate,1
intelligent,1
farmers‚Äô,1
inclusion,1
sympathy,1
refreshingly,1
mnf,1
primary,1
stupendous,1
knowledge,1
pravesh,1
convincingly,1
other‚Ä¶,1
solo,1
aka,1
ldf,1
fitch,1
wrna,1
stick,1
leveraging,1
turns,1
it.taking,1
neta,1
families,1
hats,1
firse,1
vks,1
unveils,1
undercover,1
countered,1
sayng,1
picked,1
party.modiji,1
storm,1
hows,1
preelection,1
silver,1
mainstream,1
fake‚Äù,1
homeland,1
magic,1
hes,1
crystal,1
swipeout,1
hated,1
chaturvedi,1
offers,1
harmful,1
ch+t*ya.ü§£ü§ôüëé,1
soniamaino/raulvinciwho,1
minutes,1
rhe,1
faulty,1
dhating,1
sonch,1
replugging,1
peopl‚Ä¶,1
microwave,1
crap,1
fury,1
films,1
itcell,1
organization,1
practical,1
rameshwar,1
urge,1
interacts,1
section,1
popcorn,1
analyses‚Äîto,1
insolvency,1
iski,1
duck,1
naturally,1
constituencies,1
rahat,1
protests,1
timed,1
sanyasis,1
militants,1
pmo,1
congo,1
fol‚Ä¶,1
digging,1
clearer,1
lots,1
tamilisai,1
govttreasury,1
vanish,1
world.with,1
sanatan,1
how‚Ä¶,1
aeronautics,1
arthamavthundhi,1
area,1
practically,1
resulted,1
reiterated,1
souls,1
individuals,1
loopholes,1
strength,1
aeroplanes,1
digvijay,1
thuk,1
p.v.n.rao,1
ironically,1
collar,1
poyaaro,1
sticky,1
adjournments,1
intensifies,1
given‚Äù,1
upcomi‚Ä¶,1
favourite,1
harsh,1
tests,1
raises/discuss,1
educating,1
universally,1
cochin,1
jagdalpur,1
procurement,1
drawing,1
hometown,1
knees,1
conditions,1
phones,1
slaughter,1
congress/every,1
concrete,1
pewdiepie,1
dignified,1
download,1
internal,1
depends,1
tukde,1
aggressively,1
trade,1
naala,1
disillusioned,1
sidelining,1
gowda,1
diverted,1
improved,1
viewpoint,1
meena,1
successor,1
listener‚Äù,1
floated,1
disagreement,1
chaddi,1
alright,1
europe,1
persuade,1
insignificant,1
withheld,1
several,1
essential,1
gaumutra,1
swordarm,1
adopt,1
fraudsters,1
ysr,1
cofounder,1
television,1
mayiladuthurai,1
demolish,1
kynki,1
laugh,1
luck,1
apart,1
retain,1
misusing,1
thatll,1
thrones,1
max,1
dramatically,1
rajghat,1
cryptocurrency,1
wane,1
surrendered,1
dock,1
signed,1
doesnot,1
iruku,1
indiachina,1
decorum&amp;sanctity,1
neglecting,1
natives,1
influence,1
dmkcongress,1
nsel,1
singapores,1
pohoch,1
jd(u,1
recollect,1
ways‚Äù,1
ni,1
armed,1
disgruntled,1
potatoes,1
depend,1
haath,1
know‚Äù,1
still).more,1
programs,1
tht,1
ofthis,1
weaken,1
congressaap,1
fall.üëä,1
hardworking,1
restrict,1
forgetting,1
jaichand,1
story:,1
par‚Ä¶,1
sp‚Ä¶,1
kumaraswamy,1
mature,1
tomor‚Ä¶,1
differ,1
cheatsheet,1
as‚Ä¶,1
interference,1
success,1
although,1
manufactured,1
misinformation,1
owes,1
precious,1
reminds,1
fudging,1
wonderful,1
vengeance,1
thode,1
ysr+,1
primeminister,1
wide,1
ujjwala,1
shackles,1
granted,1
earning,1
roof,1
aprilmay,1
ajityogi,1
eager,1
understandüòé,1
filmstar,1
appearing,1
credit,1
terror,1
kati,1
khushi,1
wearing,1
hdk,1
nightmares,1
firmed,1
fresh,1
arrogant,1
clearpeople,1
nri‚Äôs,1
scindia,1
nclt,1
rascals,1
reacting,1
audience,1
slippery,1
naach,1
niti,1
advertisement,1
mei,1
analyst,1
promising,1
spokesman,1
slaps,1
everyday,1
strongest,1
raja,1
courtesy,1
adult,1
retirement,1
immensely,1
eressed,1
religion.muslim,1
commercial,1
prelude,1
muchawaited,1
unified,1
miracle,1
gae,1
eected,1
drain,1
offense,1
christian,1
advised,1
anughatak,1
demolished,1
pichle,1
alongwt,1
accusing,1
antiindia,1
material,1
chants,1
asia,1
speeches,1
le,1
channels‚Äù,1
freinds,1
jhol,1
parents,1
influencing,1
asap,1
mouths,1
deepak,1
lightning,1
appropriate,1
preparation,1
sa‚Ä¶,1
gear,1
welfare,1
procedure,1
woww,1
parl,1
improving,1
scheme,1
twoday,1
nonmuslims,1
prez,1
plagued,1
reelected,1
pseudo,1
up‚Ä¶,1
universal,1
close‚Äù,1
vice,1
malign,1
automatically,1
reinstatement,1
notaveers,1
otherthan,1
existence,1
thirsty,1
walking,1
stoop,1
cakewalk,1
ayog,1
english,1
th‚Ä¶,1
regulation,1
maze,1
contents,1
safeguarding,1
nikalo,1
clothes,1
literacy,1
patriotism,1
maoisthit,1
indeed,1
chowdhury,1
online,1
unscrupulous,1
recover,1
smriti,1
kurukshetra,1
dint,1
putty,1
lakhon,1
integration,1
pms,1
eco,1
rope,1
wale,1
partnering,1
female,1
switched,1
fellow,1
coc,1
itch,1
inconsistencies,1
kashmiri,1
sunanda,1
epicentre,1
lekin,1
consistency,1
address,1
wipe,1
stooges,1
approached,1
games,1
nana,1
vow,1
saxena,1
imagin,1
whatsoever,1
oneterm,1
wid,1
furure,1
positions,1
colleagues,1
liers,1
sharat,1
reveals,1
khandelwal,1
charges,1
served,1
cnt,1
opponents,1
rhetoric,1
stakes,1
cuf,1
faced,1
hug,1
pakka,1
example,1
amassed,1
reduced,1
clutches,1
dusri,1
goats,1
elimination,1
extra,1
avail,1
impacts,1
thoughts,1
motivate,1
winks,1
fledge,1
specially,1
stresses,1
mimicking,1
scamsters,1
welcome,1
congress+mamta+aap+,1
aam,1
cloud,1
nahata,1
heavily,1
untill,1
slips,1
analyse,1
jisme,1
nikle,1
penalising,1
ratio,1
nonexistent,1
rock,1
metropolitan,1
added,1
succeeded,1
determined,1
rj,1
hoodwinking,1
huf,1
sanity,1
adjourned,1
rakhee,1
services,1
sic,1
authoritarian,1
survive,1
gayi,1
allocation,1
arrest,1
checking,1
chirag,1
yield,1
mirror,1
ages,1
mandates,1
rajastan,1
informative,1
richest,1
expand,1
laxminarayan,1
friend,1
museum,1
visits,1
mlc,1
statistics‚Ä¶,1
cows,1
attract,1
tentinmotion,1
illusions,1
dissatisfied,1
communist,1
crypto,1
sleepless,1
dutt,1
expelled,1
replies,1
chamche,1
prompting,1
chalo‚Äù,1
usuallt,1
cgarh,1
waiving,1
aa,1
defends,1
characterless,1
favor,1
pressed,1
yoga,1
khadge,1
leader‚Ä¶,1
proposing,1
tizzy,1
went,1
fishing,1
treated,1
pwd,1
he/she,1
darpok,1
period,1
declines,1
calculative,1
ntr,1
ramgarh,1
trains,1
coup,1
jayalalitha,1
canteen,1
officially,1
congressdmk,1
tax/gdp,1
lands,1
sacking,1
pratap,1
conclusion,1
katua,1
unemployed,1
nokha,1
perform,1
krishna,1
morenmore,1
prayers,1
helpless,1
claimed,1
fortunately,1
polarise,1
congress.i,1
kiye,1
declined,1
solidarity,1
maken,1
access,1
median,1
purse,1
let‚Äôs,1
thefake,1
cleared,1
polarizing,1
secretariat,1
ignited,1
hassan,1
gen,1
kicking,1
damaged,1
exists,1
rising,1
guddu,1
mallikarjun,1
kisses,1
rejoice,1
came‚Äù,1
dhimmis,1
tourism,1
advertising,1
resurgence,1
finish,1
landmark,1
taka,1
relaunch,1
hiderhe,1
declaring,1
extended,1
turned,1
municipality,1
roads,1
oppos‚Ä¶,1
steadily,1
needing,1
vague,1
icons,1
little,1
should‚Ä¶,1
limited(hal,1
heaven,1
relief,1
distance,1
khush,1
cease,1
fund,1
function,1
external,1
onüòÇ,1
resettlement,1
pollution,1
mystery,1
zee,1
roots,1
pact,1
gandi,1
edges,1
unhe,1
soft,1
spo‚Ä¶,1
knock,1
tortured,1
details,1
gf,1
act‚Ä¶,1
ghosh,1
s.jaganmohanreddy,1
savage,1
strategically,1
rejoin,1
collect,1
identical,1
rajakeeya,1
hav,1
walo,1
nvr,1
holding,1
punish,1
ind,1
extract,1
utilized,1
defend,1
infrastructure,1
selection,1
fi‚Ä¶,1
defraud,1
versu‚Ä¶,1
honour‚Äô,1
skip,1
risen,1
insulted,1
gather,1
will‚Ä¶,1
civilized,1
congresstdp,1
implimented,1
kicked,1
proud,1
othets,1
pitfall,1
happennings,1
don‚Ä¶,1
je,1
frankly,1
vth,1
stronghold,1
sided,1
looses,1
fulfilled,1
vikaas,1
outrageous,1
treasury,1
artificial,1
transform,1
showed,1
khaa,1
saumitra,1
manu,1
slimy,1
co,1
heavyweight,1
underestimating,1
reserves,1
government‚Äù,1
fire,1
undone,1
zest,1
closely,1
rolled,1
regressi,1
apology,1
indepe‚Ä¶,1
fateh,1
sentiment,1
neechay,1
done‚Ä¶,1
door.till,1
hours,1
voters&amp;they,1
esp,1
awake,1
namami,1
trips,1
hungry,1
feat,1
lalit,1
shift,1
secterary,1
distant,1
surprises,1
neethi,1
excm,1
nows,1
oppositn,1
reliance,1
unsettled,1
pat,1
outfit,1
frustrated,1
justification,1
hal‚Äô,1
chaat,1
pappu!üòÇ,1
pakad,1
mann,1
rcr,1
ears,1
clueless,1
modiyogi‚Äôs,1
pujari,1
nadendla,1
personal,1
handling,1
yadavji,1
i.e,1
aiudfs,1
ungo,1
cinema,1
sarsanghachalac,1
incite,1
grip,1
counters,1
saturday,1
cough,1
precisely,1
rajisthan,1
majaa,1
shouldnt,1
exercising,1
kaisey,1
kattar,1
quo,1
kushwaha,1
fine,1
contender,1
achche,1
coinages,1
meeda,1
pradesh‚Ä¶,1
unreserved,1
notes,1
whenever,1
gears,1
farming,1
autonomous,1
exercised,1
nepotistic,1
hain,1
poster,1
padyatra,1
antimodi,1
thin,1
legs,1
unlikely,1
pretty,1
onesixth,1
invest,1
karyakarta,1
congressüòâ,1
examples,1
manipulation,1
criticisms,1
ink,1
oil,1
sleep,1
complementing,1
chacha,1
retrospectively,1
unites,1
sheshadri,1
spell,1
eye,1
corporate,1
sirikire,1
discredit,1
changing,1
struggle,1
ideologies,1
conspiracy,1
universe,1
quits,1
throttle,1
hair,1
jinhone,1
railways,1
hindiheartland,1
yaad,1
misdeeds,1
resigned,1
oic,1
movement,1
compulsory,1
crores(scamsor,1
choosing,1
nadir,1
kr,1
awareness,1
purported,1
rana,1
thunderous,1
tie,1
katarpur,1
reaches,1
fat,1
danger,1
literally,1
utterly,1
foe,1
saari,1
dharmendra,1
ignor,1
acche,1
ku‚Ä¶,1
gas,1
qualifications,1
alliance‚Äù,1
mandir/masjid,1
introspect,1
nuggets,1
yr,1
alok,1
restaurant,1
springs,1
gaari,1
rejecte‚Ä¶,1
glass,1
thy,1
sushma,1
jayant,1
rolling,1
jaoge,1
country‚Äôs,1
rings,1
wiki,1
comparing,1
sharad,1
chakram,1
pillars,1
thereafter,1
rm,1
independently,1
consciousness,1
shrill,1
appreciates,1
who‚Äôve,1
the‚Ä¶,1
wachin,1
pooja,1
requried,1
week,1
theory,1
congress‚Äôs,1
parade,1
spokn,1
nuksan,1
socialist,1
jdurjd,1
secured,1
poised,1
fixing,1
indulging,1
david_devadas,1
muddy,1
theexpose,1
suffrage,1
rajya,1
justice,1
corrupt.ü§î,1
linked,1
spoke,1
toes,1
lootus,1
amarinder,1
srikanthsivastaya,1
penalty,1
hath,1
extolling,1
children,1
wholl,1
aadmi,1
fascists,1
kadada,1
dilemma,1
apna,1
sent,1
wakes,1
assumes,1
thread,1
officer,1
prospectsüí•,1
hid,1
jamuni,1
perspective,1
frankness,1
deal‚Äôs,1
congress.‚Ä¶,1
modigovt,1
todaykravy,1
afghanistan,1
pakodas,1
suffocated,1
stunts,1
itll,1
trashed,1
thackeray,1
yeddyurappa,1
needless,1
affection,1
gurugram,1
exposed,1
nationalists,1
parlament,1
rented,1
operation,1
divide,1
demonetization,1
simultaneously,1
individually,1
cheek,1
logo,1
display,1
panvel,1
minorities,1
definetely,1
wicket,1
seating,1
manduadih,1
papers,1
antipeople,1
integrity,1
player,1
ordinace,1
room,1
loser,1
to‚Ä¶,1
similar,1
karo,1
rlsp,1
selfish,1
chinar,1
decentralize,1
madan,1
heated,1
handicapped,1
canvas,1
generate,1
htt‚Ä¶,1
study,1
constituted,1
evening,1
usurp,1
taxes,1
keepit,1
cross,1
tim‚Ä¶,1
sankalp,1
inching,1
yojana,1
gotta,1
touching,1
entertainment,1
trinamul,1
congress+aap,1
imprisonment,1
eradicate,1
offset,1
li,1
juxtapose,1
represents,1
snatch,1
marked,1
rahuls,1
readings,1
aiadmks,1
introduces,1
scratch,1
wars,1
ain‚Äôt,1
economics,1
tum,1
madrasa,1
others:,1
src,1
exmeghalaya,1
mugal,1
rha,1
antihindu,1
masterstroke,1
features,1
expands,1
throws,1
ailment,1
click,1
shailesh,1
nationalist,1
stood,1
operandi,1
switching,1
season,1
ideally,1
seshadari,1
helm,1
raging,1
prince,1
develop,1
samji,1
guruji,1
ailing,1
nevertheless,1
flaws,1
gurthochindhi,1
accordingly,1
talküòâ,1
fighter,1
sweeping,1
kalyan‚Äôs,1
uproar,1
yashodhara,1
pizza,1
concern,1
entity,1
rv,1
t.s,1
sad,1
statements,1
commissioned,1
triangular,1
reflection,1
weakest,1
pulls,1
ganga,1
destroyed,1
raids,1
rey,1
advice,1
chosen,1
ayegi,1
july,1
shastri,1
photoshop,1
hide,1
putting,1
folks,1
ali,1
invested,1
namoüôè,1
humour,1
hire,1
mandated,1
relate,1
jip,1
mouthing,1
exmp,1
whatsapp,1
gandh‚Ä¶,1
activity,1
exams,1
disrespected,1
wrest,1
schedule,1
particularly,1
receiving,1
duo,1
infant,1
msp,1
stepping,1
aese,1
commit,1
introducing,1
hardly,1
instrument,1
dumps,1
protest,1
verdicts,1
cursed,1
resonate,1
successfull,1
intentions,1
chalo,1
type,1
proved,1
interrupted,1
donations,1
nurtured,1
crime,1
enthused,1
happily,1
misguide,1
sahi,1
comedy,1
sheen,1
quarter,1
junior,1
ryt,1
par,1
winners,1
sumtin,1
securities,1
rajesh,1
replaces,1
corrupt‚Äù,1
forever,1
shashi,1
devide,1
sidhu,1
insane,1
grown,1
gender,1
ads,1
grandson,1
decline,1
completing,1
tur,1
gurjeet,1
alipurduars,1
lamps,1
privatisation;attack,1
facility,1
candidate‚Ä¶,1
agitation,1
group,1
window,1
sowmya,1
muscular,1
presidents,1
tripletalaq,1
vites,1
alochisthey,1
sikhs,1
sayed,1
gutter,1
quietly,1
scheduled,1
reallied,1
punekars,1
irregularity,1
azzarudin,1
investment,1
overplay,1
pink,1
healthy,1
vertical,1
gaya,1
rethink,1
wort,1
criticizes,1
dislodge,1
din‚Äô,1
antics,1
knew,1
loosening,1
aside,1
switch,1
happier,1
tyrannical,1
for‚Äù,1
namdaar,1
pajjan,1
shitin,1
frequent,1
and/or,1
ruining,1
ht‚Ä¶,1
hugs,1
cpi,1
surprised,1
multiparty,1
warangal,1
changed,1
disguise,1
children‚Äôs,1
discussed,1
roofless,1
smells,1
colors,1
elections??choose,1
meenakshi,1
service,1
ahmed,1
jind,1
rohingyas,1
hero,1
text,1
criticises,1
senses,1
urge&amp;request,1
thinker,1
maximum,1
nw,1
alliances‚Äù,1
valley,1
mandla,1
saas,1
hail,1
wil‚Ä¶,1
settled,1
manila,1
illusioned,1
dhoka,1
da,1
nepotism/dynasty,1
niklega,1
collectively,1
finals,1
song,1
he‚Äôs,1
overlook,1
holes,1
jitna,1
humanity,1
crony,1
unrealistic,1
choudhary,1
telecast,1
device‚Äîcorrespondents‚Äô,1
wakeup,1
ias,1
damn,1
medically,1
facesaving,1
enjoys,1
alimco,1
appreciated,1
prakash,1
stickers,1
ended,1
mad,1
speakers,1
stories,1
seat‚Ä¶,1
swiftly,1
drawn,1
fucking,1
sg,1
two‚Ä¶,1
chhindwara,1
tamilanadu,1
warriors,1
responds,1
segment,1
anti‚Ä¶,1
jyada,1
socalled,1
tolerance,1
semifinale,1
disqualification,1
deficit,1
china,1
tm,1
congrats,1
seemingly,1
opt,1
organisation,1
dekho,1
imposed,1
uneasy,1
prominent,1
recast,1
impacting,1
goa,1
long.hence,1
countey,1
colour,1
navjot,1
conregress,1
nsa,1
convey,1
poverty,1
surgical,1
finalized,1
hurt‚Ä¶,1
repeatedly,1
proposes,1
prompter,1
injurious,1
listening,1
projects,1
mitra,1
off/,1
recoup,1
pulse,1
hateygi,1
duties,1
suffering,1
immediately.we,1
allowed,1
wohi,1
highlight,1
aahhaa,1
parivar,1
evading,1
nehruvian,1
capitalists,1
underlines,1
shapeüëç,1
defeating,1
hype,1
prepoll,1
dent,1
largely,1
conf,1
floods,1
gai,1
scamsfrauds,1
cingress,1
fates,1
human,1
respected,1
patriots,1
leak,1
soulless,1
translate,1
transparency,1
puff,1
exercise,1
owaisi,1
jaari,1
opcc,1
rightwing,1
gods,1
houses,1
karega,1
dood,1
fingers,1
hatao‚Äù,1
convinced,1
disconnected,1
directorate,1
azhar,1
somen,1
dissolved,1
suresh,1
fair,1
neech,1
anyways,1
olx,1
party‚Äôs,1
kotler,1
pr‚Ä¶,1
kv,1
samashya,1
achieving,1
vadivel,1
sentiments,1
goyal,1
pace,1
systems,1
rajan,1
duty,1
targeted,1
compelled,1
taste,1
alternating,1
phle,1
"rule""policy",1
nirav,1
cash,1
soo,1
seeks,1
appreciating,1
revisit,1
lohia,1
hypocrisy,1
circus,1
failureüòÇ,1
revenge,1
sunrise,1
immediate,1
genderequality,1
termination,1
onwards,1
aha,1
chouhan,1
strengthen,1
done(which,1
nashaüòÖüòÖüò§üò§,1
dying,1
timepass,1
context,1
modus,1
postpoll,1
nitin,1
thehinducomment,1
fever,1
dilip,1
sadly,1
semi,1
admires,1
ot‚Ä¶,1
lose:,1
religious,1
rooms,1
root,1
newstrack,1
empowerment,1
leaving,1
seams,1
progresses,1
stance,1
oky,1
seesawed,1
urself,1
mayank,1
contentious,1
met,1
values.congress,1
usse,1
scattered,1
ideas,1
tap‚Ä¶,1
remains,1
offlate,1
tapped,1
flowers,1
netas,1
stashed,1
suja,1
procongress,1
referred,1
aloo,1
fwd,1
mamaji,1
matte‚Ä¶,1
franchise,1
matters,1
shithole,1
outfits,1
enforcement,1
detection,1
indicated,1
cheating,1
crs,1
advantage‚Ä¶,1
mongers,1
competent,1
pae,1
con‚Ä¶,1
google,1
reopening,1
castes,1
arugment,1
releasing,1
congres,1
sincere,1
refill,1
korea,1
commodities,1
passport,1
snarl,1
remaining,1
northern,1
dil,1
sections,1
choksi,1
incs,1
remotecontrolled,1
dilaya,1
capture,1
murdering,1
names,1
parliment,1
chandigarh,1
green,1
aces,1
concluding,1
happiness,1
admist,1
supply,1
casting,1
l.o.l,1
praising,1
comparison,1
falling,1
miss,1
janeudhari,1
holds,1
scorpion,1
spineless,1
shes,1
guru,1
reuters,1
motive,1
neglect,1
sharma,1
maiyam,1
prevail,1
tharoor,1
stern,1
definitive,1
dominos,1
pictures,1
aalusona,1
sharia,1
returned,1
login,1
company,1
agent,1
encounter,1
adversary,1
confusion,1
instant,1
consequence,1
strengthens,1
restoring,1
extradited,1
wars‚Äù,1
janhit,1
donate,1
screen,1
moral,1
propagandas,1
illegal,1
vio‚Ä¶,1
slight,1
interviews,1
didi,1
reverse,1
parsi/muslim,1
amar,1
thirdlargest,1
ashutosh,1
her‚Äù,1
coconut,1
gusto,1
swaminathan,1
eliminated,1
protected,1
downplayed,1
expense,1
mouth,1
outright,1
regional‚Ä¶,1
kha,1
arrived,1
deo,1
episode,1
yogi,1
raising,1
unsteady,1
clerk,1
achiever,1
chauhan,1
visiting,1
imran,1
airline,1
all‚Ä¶,1
mentally,1
rap,1
demons,1
inexperience,1
refreshing,1
glued,1
score,1
makkal,1
dark,1
eerience,1
traitors,1
lives,1
null,1
khamooshi,1
rea‚Ä¶,1
lgake‚Ä¶,1
rarely,1
pedophile,1
confirm,1
troika,1
wadala,1
timing,1
thriving,1
raping,1
wife,1
decks,1
shit,1
thi,1
eert,1
spared,1
interviewed,1
door,1
merit,1
lowest,1
closet,1
convert,1
coincidentally,1
waived,1
kaadu,1
pakistani,1
kaat,1
allocated,1
patented,1
li‚Ä¶,1
supari,1
fretting,1
investigation,1
pawan,1
enhanced,1
redeem,1
glance,1
sack,1
rural,1
revanth,1
ht,1
sounding,1
pandora‚Äôs,1
continuance,1
emotions,1
seasons,1
extremely,1
lovers,1
koncham,1
encash,1
contractor,1
trials,1
notice,1
thekedar,1
corrupted,1
items,1
getready,1
avoiding,1
equality,1
smash,1
lower,1
dimple,1
memoir‚Äô,1
pol‚Ä¶,1
modern,1
kamalvir,1
asnani,1
unqualified,1
afford,1
petrol,1
someone‚Äôs,1
motives,1
hasnt,1
consequences,1
elanation,1
aircrafts,1
scene,1
outrage,1
premlatha,1
tender,1
piyush,1
intense,1
septend,1
reminder,1
reclaim,1
contrary,1
friend.unfortunately,1
aapka,1
rg‚Äôs,1
completion,1
situations,1
suddenly,1
rivals,1
secret,1
winner,1
sawalon,1
jaitleys,1
relation,1
oops,1
fishermen,1
gandhi‚Äôs,1
adulterated,1
return,1
kootani‚Äù,1
politcal,1
redundant,1
unit,1
invokes,1
jumps,1
pacificasia,1
amod,1
slump,1
cracket,1
vasan,1
agrawal,1
hardcore,1
emerging,1
ace,1
ek,1
nanda,1
approvedüòÇüòÇ,1
camp,1
crackers,1
sivraj,1
conservation,1
commentary,1
explained,1
saty,1
profile,1
design,1
front‚Äù,1
wiped,1
frontüëç,1
period.did,1
gold,1
costliest,1
inregarding,1
concede,1
outcome‚Äù,1
hawa,1
ghante,1
jago,1
ftil,1
vk,1
lawers,1
unfair,1
tend,1
alternate,1
administration,1
intimated,1
couple,1
weapons,1
atmosphere,1
hypocrites,1
punishment‚Ä¶,1
truck,1
nahata‚Ä¶,1
mukht,1
convener,1
loots,1
vaise,1
accepts,1
motor,1
unsure,1
overhaul,1
layout,1
sacrifices,1
ac,1
hating,1
lying,1
semma,1
acknowledgement,1
picking,1
karnatakas,1
indirect,1
they‚Äôll,1
inspite,1
default,1
spinning,1
citizens=forfeited,1
prestige,1
rajnath,1
overconfidence,1
clarity,1
dynamics,1
approval,1
devoted,1
damage,1
definatly,1
anti‡§æ‡§ì_‡§¶‡•á‡§∂_‡§¨‡§ö‡§æ‡§ì,1
wink,1
handing‚Ä¶,1
cme,1
lacking,1
crossfunctional,1
merely,1
ineffective,1
lalu,1
reluctant,1
appears,1
assured,1
tudke,1
footing,1
expenses,1
ranting,1
jitendra,1
prior,1
tirupur,1
jaswant,1
appointing,1
apologise,1
contested,1
dj,1
crores,1
archana,1
inflation,1
politician.this,1
reddy‚Äôs,1
fdi,1
decorum,1
adivasi,1
twothirds,1
scratching,1
mad‚Ä¶,1
jai,1
cocky,1
vicepresident,1
khans,1
